{
  "run_dir": "../saved_models/checkpoint/20260320-192235",
  "best_val_accuracy": 0.7077777777777777,
  "test_accuracy": 0.6544444444444445,
  "train_size": 7200,
  "val_size": 900,
  "test_size": 900
}