{
  "run_dir": "../saved_models/checkpoint/20260324-152153",
  "best_val_accuracy": 0.7222222222222222,
  "test_accuracy": 0.6811111111111111,
  "train_size": 7200,
  "val_size": 900,
  "test_size": 900
}