{
  "run_dir": "../saved_models/checkpoint/20260324-141753",
  "best_val_accuracy": 0.7166666666666667,
  "test_accuracy": 0.6766666666666666,
  "train_size": 7200,
  "val_size": 900,
  "test_size": 900
}