{
  "run_dir": "../saved_models/checkpoint/20260321-002927",
  "best_val_accuracy": 0.7055555555555556,
  "test_accuracy": 0.6677777777777778,
  "train_size": 7200,
  "val_size": 900,
  "test_size": 900
}