{
  "run_dir": "../saved_models/checkpoint/20260325-041038",
  "best_val_accuracy": 0.7244444444444444,
  "train_size": 7200,
  "val_size": 900,
  "test_accuracy": 0.6855555555555556,
  "test_size": 900
}