{
  "run_dir": "../saved_models/checkpoint/20260323-191454",
  "best_val_accuracy": 0.7211111111111111,
  "test_accuracy": 0.6711111111111111,
  "train_size": 7200,
  "val_size": 900,
  "test_size": 900
}