{
  "run_dir": "../saved_models/checkpoint/20260324-225715",
  "best_val_accuracy": 0.7244444444444444,
  "train_size": 7200,
  "val_size": 900,
  "test_accuracy": 0.6766666666666666,
  "test_size": 900
}