{
  "run_dir": "../saved_models/checkpoint/20260325-154005",
  "best_val_accuracy": 0.7155555555555555,
  "train_size": 7200,
  "val_size": 900,
  "test_accuracy": 0.6877777777777778,
  "test_size": 900
}