{
  "run_dir": "../saved_models/checkpoint/20260323-171145",
  "best_val_accuracy": 0.7122222222222222,
  "test_accuracy": 0.6522222222222223,
  "train_size": 7200,
  "val_size": 900,
  "test_size": 900
}