{
  "run_dir": "../saved_models/checkpoint/20260325-013758",
  "best_val_accuracy": 0.7177777777777777,
  "train_size": 7200,
  "val_size": 900,
  "test_accuracy": 0.6788888888888889,
  "test_size": 900
}