{
  "run_dir": "../saved_models/checkpoint/20260323-211847",
  "best_val_accuracy": 0.7133333333333334,
  "test_accuracy": 0.6755555555555556,
  "train_size": 7200,
  "val_size": 900,
  "test_size": 900
}